{
  "meta": {
    "motion_file": "/home/lim/rl_ws/TWIST2/assets/example_motions/A1-Stand_poses.pkl",
    "t_step": 20,
    "control_dt": 0.02,
    "tar_motion_steps": [
      1
    ],
    "robot": "unitree_g1_with_hands",
    "fix_root_pos": true,
    "fix_root_heading": true,
    "motion_time_s": 0.4,
    "mimic_obs_dim": 35,
    "root_pos": [
      0.0,
      0.0,
      0.7766256928443909
    ],
    "root_rot": [
      -0.01222912222146988,
      0.02167149819433689,
      0.6700377464294434,
      0.7419098615646362
    ]
  },
  "action_body_unitree_g1_with_hands": [
    0.011452469043433666,
    0.0033975127153098583,
    0.7766256928443909,
    0.010908707045018673,
    0.0485636331140995,
    -0.011951664462685585,
    0.03539125621318817,
    -0.05198816582560539,
    -0.05289532616734505,
    -0.03069121576845646,
    -0.10839389264583588,
    0.04366251826286316,
    0.04047660157084465,
    -0.018804514780640602,
    -0.19266991317272186,
    -0.003936541732400656,
    -0.07938238978385925,
    0.1406717151403427,
    -0.01004824135452509,
    0.04092716425657272,
    -0.05781359225511551,
    -0.02455158531665802,
    0.07701794803142548,
    -0.23023861646652222,
    1.2465888261795044,
    -0.25690048933029175,
    -0.22779515385627747,
    -0.20789027214050293,
    -0.06681492924690247,
    -0.17690104246139526,
    0.35596245527267456,
    1.1636103391647339,
    -0.02724478580057621,
    -0.15047860145568848,
    0.17043669521808624
  ],
  "action_hand_left_unitree_g1_with_hands": [
    0.0,
    0.0,
    0.0,
    0.0,
    0.0,
    0.0,
    0.0
  ],
  "action_hand_right_unitree_g1_with_hands": [
    0.0,
    0.0,
    0.0,
    0.0,
    0.0,
    0.0,
    0.0
  ],
  "action_neck_unitree_g1_with_hands": [
    0.0,
    0.0
  ]
}